ID,Group,Feature_1,Feature_2,Feature_3
ID763,C,2300.674377040326,428.92520077187066,-1880.9036754896715
ID204,C,2961.6865784895363,395.10098626502156,-2556.6186386786394
ID734,C,2531.1925243106575,367.3703803823103,-2153.187625755883
ID422,B,2349.447506983058,391.0144943960336,4690.569513243702
ID559,C,1919.3078478234943,415.50613781838024,-1491.9420461045675
ID432,A,2442.982529575201,416.96362337329833,5261.072669803804
ID337,B,2406.518948126994,397.24131250079296,4822.8205306921
ID347,C,3081.9510913348304,406.054426262343,-2679.0758987303
ID774,C,2483.4812012767534,424.0898713975671,-2040.3498086518896
ID142,B,3090.0849793474526,384.0640518186541,6188.140458938008
ID892,B,1175.8433578060801,409.76577049414556,2379.700337520085
ID898,B,2437.315479594171,406.4141802652834,4861.0989547678855
ID345,B,2824.5835271395654,398.7111149560134,5650.650400046141
ID290,A,2824.9423003189986,397.88241461843467,6473.966761199338
ID853,B,2528.354106372174,423.84999472430246,5053.58659774744
ID581,C,2680.639280935175,373.1733883933555,-2317.9714645481786
ID602,A,2103.54378955757,412.4867152249762,4232.030332754804
ID179,A,2514.4213714487164,398.8621186486469,5550.067701085138
ID584,A,2753.1352471610103,390.15364462044886,6292.973810318214
ID707,A,2467.873224754261,411.11484870908794,5370.9878191386915
ID154,A,2885.029422086977,417.57264335051303,6535.803155163468
ID442,A,2658.874466542402,418.43728461195997,5883.25545289338
ID849,C,3006.929463900152,390.8250743391484,-2624.119717097072
ID119,A,2011.9612280672754,359.9181397937529,4231.574149965975
ID790,A,2559.9550007223133,389.22814463013805,5718.606917457622
ID619,C,2061.1483950855377,390.6368251710934,-1669.0285497798768
ID488,C,2123.8463342142245,400.8357855828396,-1732.847311442967
ID554,A,2541.062681610965,410.0581519869198,5556.662398573213
ID259,A,2805.0905219744395,399.06211895292876,6442.615237654989
ID873,B,2499.5562964986198,427.31939454660824,4988.4530846688995
ID697,B,3282.3678887694746,377.4465922904084,6569.046772937251
ID701,C,2610.068734499405,427.0690200288001,-2163.7601679725835
ID416,C,3076.641470312406,394.4470586638744,-2689.6900362843485
ID338,B,2205.820958829389,419.45138729402106,4424.933976563211
ID224,B,2076.977100713022,393.82454285029576,4156.327005873011
ID227,C,2638.8411044045865,411.800681286524,-2240.3015387647774
ID107,B,2348.6316984652585,374.0501518983155,4708.668579675354
ID127,A,2900.316714708275,386.3955668884335,6786.0269529423
ID309,B,2207.549680244677,410.0655061457379,4427.539756858296
ID477,C,2976.604234575495,401.7199504304058,-2586.448617044804
ID655,B,2564.11565636555,417.3150971513469,5135.368501090081
ID257,A,3042.2946836770743,402.12053868764485,7111.885039267212
ID261,C,2213.1770450319,404.0563692688563,-1798.280960291478
ID181,B,2322.7394828876495,388.0641941003114,4655.347396286219
ID313,B,2257.0270848468185,412.772395308812,4526.164423735467
ID141,C,2508.0647434440034,438.274109480898,-2078.4494088175875
ID434,B,2296.4633752262266,386.87915857303807,4602.0684106304225
ID757,C,2700.7120184744886,395.97053234842616,-2287.8346152411664
ID156,A,2497.4949502810005,391.526632631663,5528.194049800341
ID893,B,3085.9956525227035,409.2366808187632,6187.297546617727
ID310,A,2521.1246642880737,395.7340731295511,5607.522703752168
ID272,B,2818.649093019955,411.24259290527516,5622.030149527376
ID117,B,2333.9773491937653,400.3164550511598,4675.964114807411
ID794,B,2605.0018849879352,440.0832114606293,5225.753733112236
ID459,C,2153.0503771633576,379.23578449667025,-1770.9618753679326
ID408,A,2483.632713144397,405.2078957771104,5418.884222925667
ID489,A,2766.654463774354,396.81677291156564,6314.967858123629
ID125,B,2671.154170247529,396.300279355016,5331.141853467352
ID476,C,2745.5535413816187,405.3786968463345,-2340.551605518741
ID134,B,2759.731952326003,402.02785986567693,5522.575970396407
ID403,A,2513.0026254983336,410.89551409000984,5477.016732719368
ID212,C,2562.384153188278,386.3864509152153,-2196.6392935050103
ID878,C,2451.8626652983694,409.9902929028122,-2022.348346508723
ID640,B,2710.1871511775,402.28799466393076,5433.397671061277
ID366,C,2676.360038560304,396.26691752325286,-2276.157478037656
ID220,B,2612.1477167843977,373.5193905652411,5232.395840035557
ID710,B,2569.3309170939965,402.88078104763576,5131.126509989445
ID616,C,2409.706111170596,399.1977388220283,-1995.7163744745758
ID333,A,2947.479497997767,425.6094998093009,6702.147784990783
ID547,A,1799.984275935501,392.9776741849411,3442.4025373015256
ID455,B,2631.2574039797273,371.1951069554964,5257.575959002511
ID534,A,2511.9533055032875,418.56881234282463,5440.104965873059
ID180,C,2893.5394852782365,398.41205891299404,-2511.628112663
ID254,A,2678.6288902203446,405.27815289185145,6007.651076184219
ID556,A,2685.654087029331,405.57914674506645,6031.52785899325
ID496,A,2176.7782538832216,411.1415412633995,4503.366458769159
ID176,B,2196.0190824994497,416.0697300105506,4412.885790868809
ID359,B,2430.8179652084755,395.04518866316727,4867.414929307245
ID284,B,2408.1909671630356,422.4183561620644,4836.352261051964
ID814,C,2472.773437706151,393.449522974684,-2080.6401208514094
ID226,C,2136.1616660294417,388.2948521460455,-1748.4199797433419
ID654,A,1492.293350386508,385.01827843056765,2554.045979304864
ID676,C,2544.3969940576094,406.7030487588409,-2142.282070833883
ID108,A,2555.6535034102108,407.98325845030797,5626.403109118973
ID698,B,2084.4953384681294,394.0970963181284,4155.920341162703
ID274,A,2553.64652819549,424.83491193486674,5512.797547769485
ID285,B,2295.3809074340857,408.9754113513041,4601.950556770416
ID208,C,2564.3412391323377,427.09607250231255,-2154.9946649797985
ID809,C,2456.4343335645717,396.5811584685719,-2050.5499783620266
ID207,C,3178.431869108832,404.0846559816794,-2757.838189414263
ID388,B,2442.387004713837,408.13462991655047,4908.382807252894
ID152,B,2932.7524032138895,390.80148955645564,5865.881347409725
ID576,B,2077.1389520848106,396.30109431346517,4175.58103209285
ID682,A,2148.307372260455,439.5890646074623,4258.230143285034
ID214,B,2729.632420719006,399.32374140657305,5460.534437657139
ID262,C,2406.427941486619,392.98826810586854,-2003.610490043422
ID308,B,2814.166446670336,397.45879452860385,5607.543792158374
ID316,B,2095.713814986951,405.4014354010154,4179.258620338985
ID195,C,3002.4321447699685,387.23972908640854,-2615.4467439227005
ID360,B,2805.034532544328,380.9080925538733,5609.7000929214055
ID132,B,2514.846948076755,398.9818318672848,5017.853168561254
ID209,A,2342.664805947826,416.88701686207605,4917.8734554508865
ID399,B,2352.0232910587733,380.2586410884822,4686.895142942553
ID424,A,2718.8551695353644,392.015039993055,6192.61931814467
ID538,B,2696.421262164352,416.0528811960933,5396.277262043327
ID193,A,2557.047916529022,391.16704382620674,5692.279044259706
ID649,A,2244.009346972353,396.7123401193726,4751.2475401773445
ID627,B,2663.5770873259357,405.6050745765477,5328.320860111
ID158,A,2396.500543760194,410.16872046875255,5146.326656069502
ID319,A,2325.410646266122,384.3641980432179,5060.6143473454495
ID764,C,1953.4379612576458,407.22567800922366,-1563.572066517416
ID161,A,2768.892796548386,380.53727272297766,6419.55643524207
ID203,B,2636.6653459530007,405.893089615552,5264.401604709436
ID693,B,1839.805777664897,407.0403209365847,3679.2185327907455
ID264,C,2887.305618891741,394.8334700576997,-2482.607219388309
ID509,C,2306.438205707157,384.7836902193654,-1922.614131422973
ID305,C,2175.5495544593045,417.21045444925556,-1758.7980639799318
ID662,A,3025.2978395682085,395.2409490969047,7087.469607485414
ID121,C,2341.2168386699154,420.8271289736042,-1897.6806457463035
ID721,B,1969.656847159609,400.34856283353713,3929.8008124533912
ID692,A,2134.7179676104747,404.3400364817048,4384.176566355424
ID405,C,2472.3192766840953,387.7329102400345,-2094.9206308328958
ID380,C,2309.812627219714,391.19311637870345,-1930.2833210813303
ID371,C,3097.6949215041013,379.21067178960857,-2725.648051628234
ID168,A,2922.061131604664,393.2473388621967,6800.36062194807
ID541,C,2342.0422049956833,385.48650938454455,-1936.844044556253
ID641,C,3097.7638907737396,397.1198881962506,-2696.859492790389
ID382,A,2516.675951476818,400.89137964878444,5547.825535702391
ID683,B,2323.177243253685,420.2353870255857,4625.611986010716
ID883,C,2670.9608954105083,410.42369207900657,-2232.9985721666326
ID733,A,2331.566966345478,402.32069629754966,4996.812098777099
ID823,A,2178.3936599447034,394.6529801727997,4551.339328154871
ID766,B,2756.048719058163,386.6142342543434,5521.213323230129
ID571,C,2692.9417603990564,386.0627762405254,-2293.673720025973
ID222,C,2365.4420109624466,389.00526486137,-1980.9013839544773
ID788,B,2718.063680674634,415.8017653869999,5431.448640154905
ID128,A,2737.0683792161904,417.5425766936551,6106.6643299958905
ID233,B,2356.967670340534,399.2406252414741,4710.403976196938
ID590,A,2499.9318234617745,388.35621995112587,5559.471090897065
ID402,A,2567.95869654188,395.0202407024172,5728.416496847241
ID163,B,2048.7870417121853,394.1613416487245,4108.2381411295855
ID136,A,2666.0911685132633,389.7709921572494,6058.297782216084
ID318,A,2594.277269946859,421.8391276078317,5660.9646947791725
ID798,C,2877.7210545348157,376.0656636342821,-2518.5882212841743
ID270,B,2375.8495356724184,431.3778021430809,4743.772871145337
ID867,B,2511.1468620148344,426.0023416720497,5004.9246500935815
ID808,C,2998.354857880033,401.1108517479513,-2612.131633992129
ID667,C,2803.8986706930764,376.879068553381,-2419.772224900943
ID139,B,2472.7338795470987,403.56063445390254,4938.9611015324
ID363,A,2319.4837151994,405.40964408018345,4935.741985997047
ID368,C,2468.4657066452787,428.6316207576716,-2032.9340413395923
ID297,A,2451.268396679733,393.2696966580218,5397.29100949219
ID799,C,2524.623349170726,389.7222682955924,-2149.9634595645307
ID521,A,2050.013569832711,380.02659182384,4245.949097063373
ID803,A,2984.5610917673343,413.3756064575413,6888.916722131686
ID563,B,2483.114510390076,406.86879189203785,4965.575633675235
ID583,C,2197.144335232706,409.6713356845499,-1787.4825803628391
ID105,C,3106.6190243282554,395.52608108596735,-2708.0119108712183
ID532,B,2404.9786623901578,424.0914576552391,4796.504772581125
ID450,C,3268.142205471487,416.33956539222834,-2853.320778326107
ID384,C,2161.8013191150876,403.60100171995543,-1755.070849882085
ID516,C,2379.9343484003784,391.31997031553806,-1995.2163644024822
ID266,B,2774.120959541765,406.8557101703914,5544.333913083063
ID395,A,2034.6124225286528,410.1585019480006,4059.7226465980016
ID536,C,2162.419728914784,419.6834220935574,-1741.6551668766751
ID498,A,2959.330727333163,400.51697562530035,6872.399520237892
ID191,C,2465.583566546093,379.80845661764806,-2093.855417571844
ID897,C,2014.9215759545375,417.4268945723931,-1606.570065164123
ID508,A,2672.213815036646,403.2686720531146,6008.074337762576
ID630,B,3033.927671493181,396.457429496993,6069.730728269039
ID787,B,2775.6977929435006,416.18782523346954,5524.720743721348
ID370,B,2378.953038131421,403.79524461110697,4757.555673498862
ID753,C,2497.5652038419266,420.8794383004769,-2094.487944737987
ID106,B,2993.517369064307,417.7617229858866,5982.862880312564
ID393,C,2226.8526418961237,386.1937367945661,-1834.0859828829311
ID216,C,2615.7457855345847,421.038761348539,-2178.0868359453125
ID659,A,2829.063817226157,408.27062316008306,6431.592611667164
ID482,B,1708.7749237635658,391.01497269227696,3427.7437889453386
ID301,C,2507.5153360622335,390.00502453795417,-2121.9182208819284
ID404,B,2669.9909787144397,404.9605338311508,5351.276755561807
ID593,C,2391.3737713606706,392.58819991067065,-1982.5940336270999
ID801,C,2128.887498344753,378.55404582190744,-1745.0894954064354
ID548,C,2615.4865648755786,397.0585949504036,-2207.069192795828
ID413,A,2592.7395581186784,412.12151539073625,5698.574482204584
ID545,C,2454.1628094712128,412.1744392427937,-2043.8612946459639
ID852,A,2564.916128156518,397.19871228096815,5723.164795530512
ID804,A,2329.3622971926447,400.8249859047497,4970.170663042997
ID665,A,2304.7988746430974,385.2760319030929,4990.95072101259
ID560,B,2993.43870589952,382.5315981108482,5987.798277411482
ID325,A,2847.450182370946,402.8855171204636,6526.109004440407
ID589,A,2123.9943063423393,407.3423107642985,4335.931795624247
ID240,A,1964.5472022812078,401.7020480235414,3885.6793115693763
ID696,A,2525.9528500701413,405.40316120637493,5565.29183112576
ID228,B,2471.319445537545,395.17159764160255,4952.598144315402
ID300,A,3085.4190820798162,397.37680076111025,7262.0766598400405
ID230,C,2770.03543073643,388.9647778487255,-2380.693549146658
ID731,B,2739.7321024757557,414.49930239770765,5503.06783349861
ID578,A,2165.0740086725364,406.10052713787513,4471.166784700828
ID724,B,2434.4055640442593,393.0303062770051,4858.04151024407
ID454,C,2818.1856160895604,387.22916731307424,-2422.7782121406863
ID642,C,2485.077323304051,426.00895611816406,-2064.525756204748
ID869,A,2469.4425172699457,406.69106725204153,5389.197296172213
ID231,B,2375.4297665329877,409.2934024884951,4757.742319965707
ID670,C,2759.0923008110894,403.07481297287745,-2346.3227262128426
ID624,B,2410.834622896078,402.2864043476978,4815.891482614137
ID537,A,2762.4779744404113,406.648164402444,6270.476620783366
ID249,A,1791.8209381648085,366.13722742409465,3549.434780087795
ID845,B,2286.6747549734505,404.02029064863063,4574.738574788884
ID469,B,2520.7000461823295,416.5656752930376,5035.588025705779
ID468,A,2346.9342857390193,369.3089589889105,5190.0021975588215
ID244,C,2544.531384056811,399.3106953845156,-2162.9579058738036
ID585,C,2389.6719482194835,397.85508659925176,-1978.1002385434076
ID304,B,2134.167792724569,408.6242299511936,4241.202316227424
ID704,C,2346.443343400495,417.56145056106334,-1923.778986704338
ID863,B,2553.5422520259167,399.02157485822045,5117.463559129266
ID410,B,2492.935047249632,422.9698773108968,4995.14260253999
ID324,C,2300.632208466239,404.89404581641026,-1894.1213141099665
ID857,C,2074.0281501202253,410.6258749012445,-1676.914533066236
ID381,C,2643.3182630061488,408.0344949639596,-2251.502036879698
ID298,A,2400.6593384895814,403.66783521098336,5186.088269967488
ID574,B,2813.507509491865,385.59066891852603,5624.397187786313
ID265,B,3236.460870842763,405.31165689415644,6464.245239229942
ID481,B,2221.1540420226847,407.0900774086757,4435.389344077118
ID618,A,2956.4829399735927,409.6781972651861,6836.741885544895
ID595,A,2487.80845840238,389.05921730444555,5500.6111350431665
ID278,B,2567.3691155167867,407.2947276572898,5130.576529087649
ID666,A,2100.3948906761,392.2384735948887,4349.451897100322
ID479,B,3186.172884360212,386.66906374352686,6365.0658201067845
ID286,A,2843.1441255665623,403.68550618718706,6509.422176701406
ID524,B,2517.130000379516,417.76094887473585,5020.55370265845
ID201,B,2279.2246929847133,405.7037320742021,4557.140918529162
ID334,C,2569.027396957497,428.16326144848483,-2140.5436670027293
ID506,C,2701.9815316805925,394.5035495274937,-2328.87402825294
ID848,C,2417.34042971899,403.233073386198,-2025.7828053928497
ID751,B,2996.788553088613,402.83831183708736,5984.545961828873
ID669,C,2396.2322604213236,404.335591564786,-2000.8206495544161
ID544,C,2811.695120162266,379.07449292755103,-2435.2536449236436
ID626,B,2131.7746500621965,405.4825703249454,4251.109541414241
ID875,B,2613.1623123431555,405.1422761416295,5237.148107627425
ID346,B,2317.083429108889,390.1249940089344,4644.442516076721
ID287,B,2422.0154143519944,396.91492932687686,4833.5516020779505
ID187,A,3015.872845382392,408.0504618976833,7021.212655348264
ID722,A,3340.3166822657026,407.5399902156628,7998.598666680032
ID441,A,2256.896889825929,399.4843941969534,4760.308111217221
ID587,B,2563.3923048184147,395.6865628598856,5127.128070221552
ID664,C,3001.3732663444107,388.59433753665917,-2608.3787891898432
ID307,C,2499.2062457405837,409.29606260760534,-2080.8173720462546
ID269,A,2571.2933561981026,389.0850086535475,5778.841862306654
ID251,C,2270.9952869140834,405.1536844652479,-1887.0686230557826
ID546,A,2716.7467319597877,397.20580318874585,6161.443391994293
ID604,A,2507.448029618981,378.2392669301572,5655.606257538778
ID394,B,1971.4463474028134,410.20756867363053,3952.79847602579
ID694,B,2632.03066300562,408.12189759932426,5237.239833898978
ID126,C,2702.779838998227,412.90864554835605,-2319.8613511018257
ID836,B,2129.526264496024,400.0560860036749,4266.529745131916
ID400,B,2441.50828334388,416.7573708192375,4894.057932268946
ID433,A,2603.1469580097146,417.4012390299753,5732.72597935795
ID383,A,2812.037367052562,405.13403678912874,6415.085753603775
ID769,B,1811.8919217232449,395.5226245733902,3619.0175538256203
ID375,A,2341.316982609514,396.90865820611236,5040.684484712652
ID336,A,2402.0203579114427,370.99878251009204,5343.546637277688
ID838,B,2505.620553857617,402.33602864020844,4980.024734148852
ID114,B,2575.872302444585,389.94932993497304,5141.501708813213
ID755,B,2382.6588600143127,397.63757099720243,4750.805580293281
ID607,B,2334.5913049996384,391.49052287601296,4666.690150401188
ID812,C,2235.582301119674,425.2763206029356,-1810.8373878915254
ID160,C,1812.3908257370385,387.69897269227977,-1430.541311942608
ID861,C,2551.6766219775564,385.8652389296681,-2175.0454152014836
ID279,A,2444.927431803355,416.544096539938,5248.903714516901
ID173,B,2642.308970191367,403.1237667577521,5261.097548668692
ID706,C,2240.4685793052486,417.1981627514804,-1836.0263480656072
ID242,A,2391.256633730088,375.3886745699536,5308.891150239812
ID341,A,2092.4468812955192,399.65886124175,4267.812778487047
ID526,C,2553.563024234671,393.9988301794705,-2152.4849570290253
ID540,B,2576.5481283048775,397.7969308368249,5163.945711598625
ID421,C,2685.93243523319,387.91989125638963,-2296.112034166338
ID565,C,2291.3518074394115,403.97168632824645,-1876.3758325887475
ID725,C,2613.987587899484,424.86152169342455,-2176.683361960208
ID783,C,1484.1011799923924,387.56290603084153,-1116.6532632859294
ID503,C,2101.250727821425,406.70482714148176,-1697.384384892331
ID854,C,2899.67187434919,402.3404251657204,-2501.448664404339
ID840,C,2428.9853079094073,417.1529225709727,-1993.3091027414532
ID367,B,2792.6172109097024,393.55759530236395,5596.944175715565
ID647,C,2761.5552893412178,390.5542755693349,-2357.8983344072267
ID789,A,2561.1481601488804,395.49955440127627,5712.016348275764
ID711,C,2617.4740616596177,400.9937818927211,-2225.226280126703
ID573,A,2983.2946785932745,405.4289169501635,6929.837164843426
ID116,A,2533.7295814748854,413.79238167924495,5518.943634466536
ID613,B,2902.4629815882877,390.934400297396,5800.936682752418
ID598,A,2018.4993342057273,394.20525701817076,4073.305007650942
ID467,C,2295.97462718241,384.98703543633314,-1903.0073307042135
ID866,B,2282.2473390046457,398.8333417794634,4562.997081386117
ID542,A,2567.577958121029,403.094387678976,5659.737285510046
ID608,C,2293.5470533150224,417.3927986999814,-1864.8472274267945
ID513,A,2850.0603932780587,402.0346871534889,6544.993524140283
ID397,B,1992.014388782586,417.0952096058957,3998.6325849630844
ID811,B,2380.012404410471,416.1228574904379,4760.648150617728
ID614,B,2016.8186501488644,411.7831200976464,4037.145632101366
ID673,C,2225.9459448085263,416.53288241569896,-1817.159636338062
ID351,A,2291.877579738596,377.14040575182264,4994.334113777452
ID871,C,2908.2060429344315,402.16149243961087,-2486.703034152856
ID418,A,2682.9260386365863,401.13795566498766,6041.8132879097175
ID543,B,2617.6498643339555,400.25856350800376,5250.483600877315
ID660,C,1818.163484272633,390.1487017627161,-1410.7029501148545
ID328,A,2664.1061902275624,387.8275104137896,6064.614778775918
ID103,B,2611.0849802042962,392.7473836002776,5209.370441415901
ID686,A,2951.54676834282,388.83166903193575,6916.538937885424
ID557,A,2401.1629182517413,379.604563919755,5285.5794563741665
ID889,A,2307.4571167267445,413.90191151291003,4833.6105596937205
ID322,C,1942.0499507322297,416.1763072277151,-1507.39324756116
ID312,B,2463.398827508365,386.29076208844003,4903.93297653543
ID464,C,2415.536693235153,382.9674157915479,-2035.7914573013634
ID446,C,2495.771003725909,383.88056575130315,-2100.6810863829987
ID431,C,2683.975873922346,368.50636046772405,-2302.1909465638855
ID294,C,2457.800547928477,415.9484514713231,-2049.3552335426507
ID332,C,2508.4495346538524,401.6585804551104,-2101.4300567395608
ID348,B,2886.2168262449063,415.61602323504655,5758.4335292939195
ID609,B,3001.3873625788337,379.66957958245854,6008.9184336776225
ID412,A,2663.061193256152,410.4306319123167,5948.85050547937
ID611,C,2418.7927878654596,406.52819551360085,-1996.8280381368093
ID219,B,2827.5281310860346,394.19052757931706,5657.018233148963
ID171,C,2649.559922533693,382.8814981454363,-2275.5339711658685
ID834,A,2667.3303284838266,405.47458456034406,5954.314078963808
ID688,C,2707.771550835029,417.555288167434,-2274.7548603757164
ID392,A,2391.513584328811,407.6565398637598,5142.821213688298
ID182,B,2658.060035573266,408.15333756832973,5312.460713810363
ID597,C,2540.8826881648724,401.4401391193356,-2124.9133267116167
ID465,C,2504.4420767617003,405.27479732554104,-2120.3343787386734
ID713,B,2514.4516897400704,392.6957573079168,5024.169587734165
ID377,A,2188.6820481945183,420.10241871344675,4467.278830183519
ID256,B,2258.7307471043305,393.96218918995675,4534.230266288231
ID856,B,2206.9533166502483,387.60902595176236,4424.214965914841
ID514,A,2308.0504438695116,421.10214541302673,4827.679846643647
ID653,A,2364.7188206515452,396.8767317538351,5116.800860831854
ID210,B,2393.641473291618,394.46391475908507,4757.088162054592
ID350,A,2072.0886921902684,368.7818114460403,4357.203715906364
ID217,C,2870.5005073963484,400.69975302881505,-2455.2257151828603
ID146,C,2528.8073815552466,398.31150358748556,-2123.647602295853
ID234,A,2652.611362454551,392.1901090940738,6002.764447825106
ID462,C,2690.9256214280745,414.9106048967376,-2273.04377777566
ID444,C,2409.6615152367376,396.92365310758464,-2016.2479997750638
ID440,B,2865.56810581272,411.4276587920014,5735.95306839197
ID625,C,3418.931592029953,399.46096906798215,-3001.073036734707
ID505,C,2798.06959797769,380.2253323851482,-2420.6273600395907
ID115,C,2573.350717734705,401.2006857376663,-2175.0255483025603
ID658,C,1976.0495996420702,403.93369571777856,-1569.9475644569163
ID507,C,2504.9165243976136,383.6625349636256,-2139.4174803511164
ID894,B,3430.893327098385,400.9596288122897,6862.59287651655
ID599,B,2251.858688385487,384.2633685315352,4505.982482453501
ID874,C,1885.3116645778996,388.4096362523967,-1486.5753280085487
ID635,B,2804.4418816981383,412.31382760309174,5606.088163430228
ID443,A,2629.1033365185585,401.8751224356642,5872.6879333287025
ID355,B,1687.4488297553366,417.30997094639724,3394.368392439314
ID797,C,2526.900187905007,387.0864143666347,-2128.2167527671177
ID572,C,2055.3801776425717,387.0101760488665,-1661.5714358893322
ID745,B,2672.1653231893692,396.54332887728845,5340.572033809526
ID586,A,2831.411525509211,424.176067162231,6365.453305726934
ID656,B,2670.059696154631,397.2914163603581,5336.2584851584625
ID837,C,2968.469852647758,395.25565444040217,-2573.3503592985135
ID767,B,2450.3639233294543,399.7953998232181,4898.783887822431
ID651,A,2298.6786832071557,411.40941979871735,4826.628033641313
ID582,C,2864.0878671676987,387.90385310301747,-2476.7640553701294
ID770,A,2152.657416148244,420.88396445787345,4377.732265101618
ID888,B,3078.583980237425,396.59115458990465,6164.474595357626
ID215,C,2236.777011238872,390.5588761278352,-1841.716154578851
ID723,A,2295.313030769883,404.33315079972283,4858.189729537452
ID784,B,2764.055310952124,404.96002498856546,5529.281270493646
ID610,B,2472.9384941888397,412.32520846043286,4948.545675363739
ID887,A,2156.3556537678623,376.82757398399866,4579.9327633385965
ID232,B,2139.5911864062064,412.40943921431307,4300.504343289817
ID530,A,2038.2794382543252,398.38262897830424,4115.3455821312
ID493,C,2619.7679932568553,401.6213658401426,-2212.953644192605
ID271,C,2172.031134384766,393.6052580774772,-1781.8031557678628
ID291,A,2334.8243480184633,400.18069327590115,5001.764628239313
ID646,C,3103.640645244694,380.1264582224269,-2711.305890037359
ID792,B,2530.2700566258395,395.0519269505768,5042.292255738977
ID623,C,2244.2533856974183,422.78854577804833,-1806.8440595096197
ID588,C,2851.228817253218,417.7127983762588,-2428.873104807284
ID241,A,2485.7107568279134,385.4509311435181,5530.541253414605
ID281,B,3029.8089761914143,408.8438376700024,6039.091940925516
ID414,A,2380.4739940721934,391.41912892712696,5185.114038752491
ID376,A,2604.693045382094,389.78566450904725,5860.977240556092
ID519,B,2593.4139463287956,386.28296563762007,5181.235692705408
ID343,A,2640.0151331401507,388.69120539139095,5976.136326278048
ID795,C,2507.8084146813076,428.81960247408966,-2083.201663164158
ID785,A,2855.476681747935,398.9790890597119,6577.87031671673
ID452,C,2746.789752470654,387.84883485178904,-2365.55520695
ID822,A,2227.4944781398367,398.67758243366336,4688.06984023223
ID172,C,2271.0399051401355,402.52769144066394,-1877.0153729451229
ID831,C,2944.234520932813,426.1537732775662,-2540.917929271003
ID166,C,2930.8601869163217,379.6353122612022,-2552.5186030959853
ID484,B,2927.148575717173,416.2588147977541,5842.818233342894
ID681,B,2386.862072752723,389.92408166675386,4772.361158319018
ID170,B,2653.4472113747834,395.7168119135024,5307.470095316475
ID213,C,3134.475152042837,412.30959401284326,-2713.0282314034202
ID638,C,2358.5427496839948,401.14584433534833,-1966.6288804081223
ID773,B,2706.99275387837,395.85775650791265,5404.04040570687
ID621,A,2056.5522224995784,400.44125173498355,4159.747274569479
ID303,A,2348.625057664802,418.9491303874167,4972.4492023760295
ID276,A,2178.237901801472,411.86158996258246,4477.397519697885
ID200,A,2517.7995495942127,382.4535078332499,5643.841472723497
ID292,A,2644.6030999545746,365.99370608775763,6105.333489118565
ID791,B,2167.9379516143294,388.4998464530641,4325.431628929393
ID772,B,2973.5789234841736,433.6752200573983,5969.205940201607
ID275,B,2187.6665315513565,392.66027623575485,4373.726856063248
ID631,C,2778.170811982207,365.1362997603631,-2416.983443863631
ID732,A,3060.7673646048725,406.91649177761866,7135.196117645369
ID771,A,2551.953298570358,426.6916963146401,5525.14059207964
ID407,A,2657.6663010407274,397.99344689363636,5981.282207807376
ID435,A,2563.125984305588,406.2043526448041,5662.139469275898
ID157,C,2267.2175271628225,414.01905055587275,-1846.2812528997363
ID374,A,2659.1687881746543,387.68347644897773,6059.929225770435
ID353,C,2631.3730554589747,392.9986859667525,-2245.3782813520647
ID730,A,2569.1378333245266,370.2404706844708,5856.899082684465
ID828,B,2701.301006678356,379.2513017509872,5402.007613443873
ID860,C,2501.8047567099097,395.191810562613,-2125.6842221903066
ID255,B,2330.67450931327,411.1033346806473,4668.034594827221
ID779,C,2416.6294063196688,384.5931069253084,-2044.6139293575138
ID720,C,2816.8693274851726,375.3292198379007,-2441.1301667522434
ID747,B,2371.8884164871315,392.9818951728222,4722.280200796625
ID555,B,2551.399793592789,403.78647736394,5091.18857479161
ID283,A,3025.9901138198757,420.5923515083035,6971.248026649376
ID622,C,2488.547167552328,393.3446436964503,-2083.593840971394
ID415,B,1784.8128698374912,403.4571608962419,3581.609048330524
ID864,B,2535.4453676219227,386.2428079879474,5059.933402482432
ID357,A,2148.5739462740057,406.81055044037817,4407.836206906784
ID196,A,2408.771388159784,407.8210834912636,5178.988227001954
ID311,C,2766.6399782915296,389.7886883311787,-2381.2500145235836
ID406,B,2633.03167444322,406.73325743532456,5261.600358371101
ID330,C,2427.9823739858466,405.3049689119956,-2008.9897030735692
ID825,C,2849.768686127,391.4510088992024,-2465.5748393904278
ID636,B,2312.295348419452,424.2508698651174,4612.802796703783
ID323,A,2219.5456733128663,404.70888142463536,4659.55452081287
ID101,A,2566.562193415402,401.0539226541737,5663.866775775723
ID810,B,2817.620371252555,387.6722286257486,5616.546961733343
ID453,B,2308.5234959876434,401.3128012919562,4625.023629507905
ID143,C,2459.144379554283,360.3385681833331,-2095.5701200579724
ID675,A,2785.2137740969088,403.59747308058803,6338.921747164554
ID110,B,2495.4732413796646,387.97018001941564,4995.413747070166
ID793,A,3132.1977609270652,416.3752493587387,7330.523947657863
ID807,A,2420.390628015659,397.57149162057794,5288.793893189005
ID768,B,2475.217367902005,410.53293239159507,4952.039536688505
ID603,C,2638.4005117081824,415.1265934375518,-2237.484602242711
ID687,C,2487.2275817438153,396.04835649589626,-2089.4807954214084
ID178,B,3293.5506543903975,368.6525426330981,6555.596279844413
ID485,C,2351.40388442584,424.3176799254207,-1940.896736239634
ID138,A,2452.1397346411773,398.7720458557989,5385.30146706191
ID551,B,2452.2964569973774,381.96754771434956,4907.078088140468
ID778,C,2602.7326260033055,381.5898927147825,-2214.4619899417726
ID147,B,1979.426593459286,399.79455795603394,3965.4123772183693
ID695,B,3010.3056193466937,422.1797645111525,6006.676226249735
ID842,A,2580.327242832178,407.7470418929856,5709.478953344406
ID580,C,2381.309318136709,395.33075911620165,-1966.3607899192582
ID149,C,2397.417158065473,397.51781686693016,-1982.6965133573583
ID354,A,1912.0321468300417,381.9812178808643,3833.512341503495
ID569,C,2326.197135757632,411.20355167000736,-1902.3789440450773
ID564,C,2185.001929584691,385.31006639465977,-1803.9146952502344
ID473,C,2585.032442793403,395.0719583462134,-2194.0908314377266
ID461,A,2433.237128815512,376.2507715123665,5410.892153940547
ID758,C,2884.2236152028418,408.86069600256616,-2453.5080802212146
ID533,B,2975.3239533925416,373.97575412488925,5945.375442874898
ID629,A,2415.7524430661488,424.16685013142524,5121.948338277279
ID417,A,3303.5971612573594,395.8428207517755,7928.155392765516
ID296,B,2476.8118715644814,381.67342769882134,4941.600273613855
ID327,C,2515.101541897667,400.31377722585154,-2123.466599797424
ID458,C,1695.107175447002,425.4732229051417,-1268.3533794933878
ID329,B,2868.899219281943,389.9208735316484,5750.8692089975
ID420,B,2269.9545123321473,382.1033133619668,4562.402447862008
ID752,B,2359.8401961101144,400.00582182790345,4716.72095075487
ID677,A,2574.2715180163923,399.41793630803227,5713.761798562845
ID486,B,2780.647405450955,368.94859511688696,5556.503081733619
ID289,B,2940.4769162163625,411.73896942723087,5880.749899803268
ID819,A,2393.0299687326788,407.6347873911248,5146.187718107132
ID830,C,2660.0769832811916,378.8659354288773,-2290.3900113487784
ID527,A,2760.342342834843,406.35022257755884,6261.002954696931
ID858,C,2684.6725249062742,366.2680053116705,-2316.5957953241664
ID153,C,2689.3100141264154,415.8772134929219,-2259.759301184181
ID899,A,2311.982022507701,427.652106015669,4793.71589917027
ID246,A,2294.7036443399506,394.810816184356,4905.86240290494
ID243,B,2237.0529112354266,387.39341301342404,4472.738461023049
ID570,B,3059.4273791857013,392.12820432194223,6120.146642230173
ID562,B,2661.8541327353655,391.648911470896,5326.041219159343
ID478,A,2863.3140722515104,402.77738828317234,6577.597458037056
ID663,A,2628.0666954858325,402.3158158647991,5890.894432458652
ID302,B,2377.7861693740133,421.1066207791444,4745.8599598255005
ID617,C,2530.732702551257,385.76437825314923,-2138.6461210727484
ID591,B,2845.633300329585,395.1694484274181,5697.528216626726
ID717,C,2698.1198930639443,422.2153990353286,-2278.406395251234
ID500,B,2400.8291431839248,373.2159502073524,4797.782666643313
ID645,B,2491.348434301223,395.80628528244466,4985.201889864229
ID531,C,2511.3928597757417,385.7376852011726,-2146.650252453055
ID190,C,2397.6780800383226,378.2061043629503,-2035.7544553965517
ID727,A,1978.4817731228432,362.89430702910016,4117.420414156492
ID876,C,3122.3453234183435,420.3975121025674,-2680.401559378858
ID248,A,2694.2311029171187,399.286530511412,6093.708418055218
ID685,A,2599.6576914854872,402.44377900305267,5786.596802924193
ID398,B,2461.833622613501,403.24171006321825,4925.513502581552
ID691,C,2254.0757561925184,381.39180815694476,-1886.745412280293
ID847,C,2460.8504951219475,384.9413691691842,-2056.699191582595
ID895,A,2560.36246345533,388.7623858396845,5749.451319966216
ID501,C,2492.5120941663017,413.4491901551882,-2069.708100732497
ID714,B,2654.113784700238,416.02730104772206,5303.065271864652
ID737,B,2860.001467550281,395.9997431891012,5720.076280490696
ID594,A,2800.6519548662045,402.7264329895643,6390.790752778723
ID365,C,2505.706921917893,367.39480501780537,-2123.958329915784
ID427,C,2359.160903598984,395.7120374091158,-1941.7721139504984
ID782,C,2414.2082609684408,428.80422585030743,-1994.0275769440439
ID716,A,2585.8124549919007,403.1760746706654,5721.643065305442
ID344,A,2494.1775853295812,376.2528628547481,5617.512765229551
ID715,C,2624.616526196032,402.0387659784856,-2209.4026755741097
ID824,C,2229.9260895520038,395.1815705941334,-1857.0543266069094
ID144,B,3035.3967116965523,405.07256799065794,6083.506812183781
ID806,A,2673.480790392956,406.10275762458855,5976.175843789624
ID263,A,2616.2828849122625,397.2632114250634,5842.215469860882
ID293,B,2304.678562229271,394.23562358734296,4592.660279699934
ID832,A,2424.8873996362217,419.1235190619507,5172.292370930015
ID451,B,2934.078754987389,412.29686867740907,5867.130142521799
ID776,C,2605.6074786746544,427.35415988076164,-2178.399269590338
ID475,A,2448.483287992183,417.5373778602116,5246.611996794931
ID238,C,2586.3093795897153,397.96545881910544,-2195.827732989745
ID456,C,2826.55776917845,405.7121423066407,-2421.7528275378063
ID553,A,2525.4963122973527,385.1509593317303,5632.254159028928
ID833,A,2541.3690044462146,411.44655466137164,5572.8396293614
ID671,A,2107.894789846424,385.23247008503347,4389.383348703108
ID205,A,1998.2928024609973,395.38577813240255,4015.6572709562083
ID140,C,2745.987029874545,405.83481441178157,-2353.5532189228443
ID463,B,2566.2985363745584,392.676255365127,5115.344469312206
ID851,B,2698.497349291818,392.5672365501155,5409.512294454787
ID362,B,2630.1369619790858,381.1822973665279,5276.440146481472
ID282,A,2499.541946282565,399.20245728370116,5509.828359850656
ID504,C,2734.52466845609,404.6407508708593,-2338.2524420293958
ID295,B,2812.1491824896416,424.02018413546915,5613.14008546936
ID637,C,2647.362966456224,409.6298400900968,-2244.3379400894833
ID877,B,2467.209945397196,410.82922826723484,4925.705937024344
ID841,C,2564.2567924279106,402.84110816874824,-2168.8610886655156
ID223,B,2426.174457260603,415.44393266769214,4830.98423798766
ID802,A,2633.3636394904643,401.93207273909564,5900.958385687359
ID245,C,2834.910633370772,397.3252263575234,-2452.624437924213
ID445,C,2855.2599003023984,384.78948860378785,-2457.6591028849457
ID741,C,2594.3636520098116,389.8056430567062,-2206.942823862224
ID299,A,2849.349291571696,386.2330286022515,6616.210742243306
ID457,B,2504.4870252327614,405.747266905568,5024.296283542562
ID529,A,2697.528172426399,383.6037167822065,6152.121014433139
ID620,B,2351.88391337211,409.28127807194323,4701.103879607819
ID183,A,2720.2631951863195,416.01139700560697,6085.189925314994
ID211,A,2797.9034404812146,410.13347874337677,6351.197383143508
ID577,C,2306.957703362498,399.6321737844037,-1885.5625966808605
ID643,C,2656.4155818779345,386.1774403721261,-2250.9804942523665
ID568,C,2881.4746087526783,384.20550888084534,-2494.665209198615
ID805,A,2207.9979835224112,384.1243524385511,4705.299483984739
ID672,B,2131.6627009424064,415.24964563247306,4283.816414501655
ID342,C,2407.9818215378577,427.8058089882909,-1968.9126711768024
ID390,C,2787.596031495721,408.42693353386716,-2387.3013898197632
ID648,C,2606.2179413400636,407.0815844050516,-2191.9410508953233
ID891,B,2496.0938305775635,395.07562517596983,4981.221818976657
ID229,C,2473.254517186296,397.0114075892809,-2091.829025775861
ID470,A,2093.296887179803,387.0483653201374,4350.270704246176
ID749,A,2927.9687729944785,396.9908106775252,6823.3957722403775
ID113,B,2480.516773499206,404.31419424588995,4956.522050444963
ID661,A,2744.335135565094,391.33937775123906,6281.20240085291
ID879,B,2194.0624767209965,423.08414548656754,4379.95810419471
ID678,B,2651.1174980917676,423.4529969755177,5306.240831319308
ID615,A,2785.7951981373208,387.928662351667,6437.617933492739
ID552,B,2209.863247061444,384.98548008325434,4411.996965133755
ID439,C,2510.083027219976,397.2733751051148,-2114.615104180116
ID448,B,2147.2215431313243,401.723299791153,4305.735964012172
ID859,A,3092.5320209733563,426.13696194222166,7153.910360558895
ID150,B,2518.076009001724,390.06670972994505,5044.684161114155
ID601,C,2508.497412797691,399.1034760275892,-2104.397995057563
ID148,B,2531.4744589504326,380.5659400303483,5077.733896752651
ID796,B,2535.1710878518397,395.3291041734899,5076.933853604191
ID199,B,2538.8858501416044,404.94750860434874,5087.287266244098
ID225,A,2383.304231029118,398.85535254706974,5154.897537564553
ID314,B,2323.325748471128,377.14607079904573,4654.923228180614
ID120,C,2466.201500688181,394.30827897791437,-2063.8632206908246
ID729,A,2469.759514530134,406.0630389032618,5367.665711260117
ID709,A,2129.773020185704,411.13287528263976,4321.310918892098
ID372,C,2418.04875437517,405.4741259433068,-1993.4835923677915
ID510,C,2569.6608541863734,410.7494830202331,-2130.0705256989368
ID449,A,2581.3776263624354,425.844846168431,5611.383585459113
ID679,B,2632.8749339775513,375.3556211854388,5271.959421333739
ID250,C,2777.723673001571,393.28274930960305,-2403.6151149409925
ID703,A,3032.5329404534323,396.74552437507447,7106.309624392909
ID846,C,2495.2253312821927,340.050371226024,-2167.5286717771687
ID886,A,2537.4796780233646,356.1739799706137,5841.946813042226
ID235,B,2400.711456374138,406.46326394768147,4798.792845915828
ID890,C,2652.761944959114,394.29871325405156,-2273.6701825612613
ID762,A,3169.2107740454953,385.169092620782,7592.0934207976525
ID786,C,3099.8108348107485,398.7647703290329,-2680.7978723521383
ID880,A,2572.21259188316,393.71170930055604,5746.72620239908
ID850,B,2524.013282966496,433.88757177545165,5028.410775899926
ID202,A,2685.9571285092316,423.52456043163124,5945.007763754089
ID520,A,2851.878610418922,433.8295930263121,6390.182322323489
ID881,A,2233.540939884565,425.218484346575,4566.503370467283
ID237,A,2721.6988235912336,416.08665704094557,6099.687055434499
ID700,A,2347.655426337962,417.731975435862,4943.681614599738
ID517,C,2840.6320064066676,410.10656206543973,-2439.2089449123087
ID109,B,2380.1247923653727,373.6490765627817,4746.652105026418
ID326,B,2266.8090461125616,390.0889496361397,4519.416947497737
ID436,C,2581.1634837249853,399.49279459143924,-2178.6214844337214
ID760,A,2060.1461399627933,385.9318358984903,4236.665316178831
ID252,B,2613.2681053840593,410.43732860564836,5220.782923697625
ID821,A,2592.8728800279428,411.0975607004583,5708.421529748932
ID896,B,2285.207347807656,398.7845415490378,4588.4769062665155
ID373,C,2466.158869421689,418.3212156559119,-2047.6873711768674
ID472,B,2442.352318629922,412.8457864025022,4887.006134855106
ID186,B,2196.853657537628,382.5235247653509,4400.244456152702
ID815,C,3297.150086698039,362.8737436733251,-2930.734431325847
ID719,A,2471.2218667259103,396.02580157584094,5440.621707641304
ID352,B,2546.7170130161117,389.7182128272965,5096.5419296310165
ID826,C,2166.1220711917085,382.16289936275103,-1789.07338736687
ID145,B,2625.685940543871,394.3884340874761,5250.711796726987
ID680,B,2876.7340865848387,381.8041821670283,5767.560368615809
ID756,C,2223.0566495299036,413.39114966554905,-1806.1313658460797
ID575,A,2100.546009644313,403.2461538596864,4278.476026321892
ID515,C,2268.4017066494744,416.4553299247359,-1857.9477326669842
ID155,A,2406.328101191942,385.5204675343452,5298.732309800922
ID844,B,2695.542424221482,394.69842903034663,5391.884869832141
ID491,C,2297.058943391347,385.71657763841,-1921.2932150673603
ID754,B,2154.2932071767327,389.4415027991788,4318.760220586432
ID561,C,2282.184338878554,385.23249940346784,-1905.109645248586
ID423,A,2719.191809025133,424.94070058471567,6030.718128535449
ID389,C,1863.6851995825227,382.31211988814874,-1475.7246995226494
ID684,C,2625.362071382178,402.0968138966261,-2201.0903510243384
ID480,C,2738.3369349314576,397.23361244653904,-2356.9891461626594
ID188,C,3251.795424229458,384.9245424712435,-2864.210860392738
ID800,A,2758.5868376670587,418.9348186813252,6164.988921632562
ID817,C,2311.1897202539417,400.7746313459606,-1925.71100861805
ID781,B,1864.2908807808487,401.5662980550095,3721.228958149762
ID335,B,2756.949551343605,390.2904539492017,5537.670408289694
ID744,C,2646.8313360414786,391.2281137393667,-2257.0730773643086
ID339,B,2536.6233849347536,403.71307909920574,5074.368636009686
ID868,A,2436.8264716837907,412.72596569348974,5262.823001885167
ID702,B,2049.513370512938,387.30754233053364,4125.790737288138
ID579,A,2460.915790795996,404.31275263443445,5349.335904400221
ID135,A,2411.134498059574,403.8797341820783,5210.8940940965085
ID750,C,2612.497711006308,409.4239468940096,-2199.3161817969713
ID523,A,2554.3796370675727,424.21071668899185,5534.3863956691575
ID102,C,2551.228700093814,394.83323523558784,-2165.272477678057
ID652,B,1886.5414103102014,397.9507456710528,3756.0109702544737
ID633,C,2386.832154037229,403.8952274480347,-1955.2616535387897
ID884,A,2644.2797538105942,395.29736611102794,5943.581827086343
ID321,C,2452.2766137770386,417.2811635726599,-2030.989834844162
ID689,B,2643.0819004980012,393.860404819156,5289.761893640691
ID549,A,2424.9915830211116,363.6912989205841,5459.772230420253
ID474,C,2139.439630787438,399.3487692174958,-1740.6414242992516
ID430,B,2301.909282082474,393.6937937644708,4600.2469216481095
ID340,B,2381.0485788084566,387.55668675787007,4745.749152843192
ID827,A,3067.1171036295004,407.43520107164886,7164.642393161719
ID705,B,2780.841004834064,410.68359713762277,5555.808710851398
ID865,C,2287.3138447355273,418.5928065511118,-1871.7176756007411
ID174,C,2119.812398372446,392.60166800558494,-1745.8541126731031
ID131,C,2985.3257437367783,382.1528824732064,-2589.3202572203163
ID639,C,2524.8498850416427,398.9659148773695,-2117.1902537466613
ID267,B,2602.863389179593,410.5865487548372,5217.7372597951535
ID487,B,2169.310745832772,397.3689356873868,4353.177955612594
ID512,B,2402.081000759231,383.3936632297032,4781.865865218841
ID492,A,2394.0587329695027,395.04689375960345,5186.433720662004
ID385,C,2683.7341014278227,413.7282684772809,-2273.7285266871486
ID499,C,2739.2677908060864,427.32758704642,-2297.2641829012573
ID558,B,2516.9476232786806,406.25028227124466,5039.132429808926
ID185,A,2485.1099891098593,390.57774726836766,5484.815517896662
ID268,B,2603.3184271286764,413.5985451999935,5213.91863017353
ID718,A,1951.7621330444836,407.1679501811683,3833.965250596746
ID502,B,2762.3157238513418,396.60592597659036,5532.713125591439
ID236,A,2222.2956245919727,407.5200121350102,4634.059844673625
ID167,C,2438.090395500332,401.27666749501174,-2055.921675021355
ID194,A,2816.910982442405,419.76478836365834,6355.8648007072425
ID165,A,2371.340197753309,414.7061053400294,5039.703203590085
ID320,B,2302.018850176647,397.3900480091828,4595.846076190558
ID726,C,2415.3679956435394,407.0914308317749,-2021.005266910434
ID280,A,2083.0821848557152,391.4086412652332,4274.969541210367
ID198,A,2981.4047034429223,406.8104382428672,6927.624615949804
ID592,C,1976.8553686853186,392.0734257302175,-1601.3550661398485
ID369,C,2345.9003577076955,386.8838687303734,-1943.877252696697
ID712,B,1909.277748855939,405.74997227558407,3819.4821873900473
ID124,A,2525.0109350425614,396.2418170847404,5587.963928272419
ID253,C,2618.7017891122523,402.16124186060654,-2235.1278534521507
ID129,B,3458.9112124781805,408.67702712347875,6944.707842194646
ID606,C,2644.9489040978337,421.46558853790265,-2190.475772151031
ID331,C,2800.414224100093,401.98836096405483,-2406.2401698091912
ID885,C,2085.1234907864755,372.4515914819153,-1707.6390814469664
ID632,A,2561.812889232499,380.80611050334744,5771.787144733419
ID743,C,3050.625423792768,400.3544886213364,-2646.293189201129
ID761,A,3042.215935465478,393.9770544832521,7161.009385052947
ID349,B,2827.4334167858174,391.38736587142597,5652.837574523263
ID378,C,2374.794773237218,398.9292127024552,-1987.2856903755276
ID438,B,2424.135543465615,397.312761272568,4857.3971959794135
ID306,C,2476.5096500264385,400.2826232046215,-2087.387382122413
ID550,B,2628.3498720529365,403.1288803709711,5274.316179724978
ID566,C,1978.3926154952592,404.37038864822557,-1574.0524589906763
ID386,A,3093.588710840455,399.8589441587276,7291.753982793188
ID735,C,2662.676252556628,398.88132505080904,-2265.7880770417382
ID471,C,2532.51700922854,380.63227721593995,-2131.3092142039336
ID690,B,2507.5262018405583,375.44927851012534,5002.423025113676
ID813,A,2425.527498223641,411.2538447537808,5216.810743859116
ID104,A,2305.169891512388,413.1994910562627,4831.076513426979
ID206,B,2199.5959089360435,379.00069867431193,4391.350789125232
ID511,B,2230.7752990777567,424.67905635810524,4473.493373406817
ID151,A,2690.7935688158645,396.72434745356645,6104.537581905491
ID387,C,1961.723245305203,395.12265296430775,-1561.6730351376807
ID738,A,2530.615743028561,403.24303778087636,5569.534742532635
ID111,A,1981.3299351083801,393.60676656266764,3987.9785272069944
ID288,B,2429.2295171671217,418.1007707478738,4857.163165408394
ID273,B,2343.21440438887,391.8502900963258,4685.029848210867
ID409,A,2364.5251076910176,400.67876574393597,5091.831155157942
ID426,C,2371.9067330475423,383.3487213144685,-1983.0949946798341
ID396,B,2109.125332190456,384.3108856936121,4231.100221713241
ID634,B,2618.3895230487574,406.14893331753353,5231.378687653332
ID746,A,2834.5786074858297,407.1814594820621,6476.937861469871
ID775,B,2363.6988559169386,405.89418656412,4716.9924300911935
ID657,A,2545.3627708578974,383.91307120341634,5712.439622454464
ID882,C,2564.2071126861924,404.0327395362851,-2161.331693373751
ID130,C,2399.4939031308677,407.0353441357305,-1976.055571181826
ID872,C,2391.7296754571785,398.49878038287034,-1981.2054479367735
ID628,A,2140.532576330819,396.9499617769499,4429.030919743147
ID164,A,3045.273175940849,394.68680963326165,7149.0054398184475
ID494,A,2888.9602100384377,427.665977913537,6528.9662156433005
ID674,A,2120.8456839484056,396.8810110858659,4399.965436883827
ID189,B,2706.7856555801127,385.6302346639625,5431.679309480079
ID668,A,2471.170868997407,380.09613123138365,5516.9081821028185
ID567,A,2346.7862188325366,414.48527826454637,4955.931289849015
ID699,B,2720.797792618047,388.0845818318219,5441.582627518252
ID870,B,2494.9481021975994,417.60167425552123,4989.575949960751
ID490,C,2318.1419774206342,401.55259560308224,-1934.2004589743337
ID495,B,2215.025390996212,407.7067871548306,4437.671818556853
ID525,A,2358.17596784545,420.13558398672313,4951.935649114094
ID839,C,2119.1105856050685,397.5128782333827,-1732.5184032729542
ID401,B,2314.8902174401524,417.36836417620947,4645.3311513300305
ID535,C,2550.5072287274647,419.7142792579981,-2133.7167954309407
ID739,B,2887.183614692493,382.83479000449717,5766.326130102793
ID829,A,2312.0293010228074,415.31483877491587,4852.506834500946
ID612,B,1823.836334395273,395.2496917346937,3670.1654757309784
ID356,A,1624.604055687813,391.19966179827594,2905.6992579001753
ID118,A,2576.8187232702694,407.3326237325368,5702.790740339031
ID742,A,2202.8401442576137,417.64588518851076,4527.6038035339325
ID260,B,2357.6365004246563,391.286735190023,4717.505069591842
ID460,A,2334.287190951941,382.78529647778964,5088.893965181147
ID315,C,2794.0522297769953,406.6646764492309,-2370.512475508269
ID483,B,3005.6467337427093,378.5429994309182,6023.307026202064
ID605,A,2617.1786371462103,408.4589471447076,5818.545540258125
ID162,C,2953.2805583602076,403.3708622915753,-2548.154903946093
ID780,B,2282.422321135741,389.84390067000453,4581.34281659603
ID708,A,2670.7544099755255,384.94265293032674,6098.124927718141
ID361,B,2709.422046043212,414.30916400548534,5407.1010094652365
ID759,B,2407.8466991490995,402.89310167718867,4806.286072133044
ID820,B,2481.270491685138,387.50210072494474,4963.851615041784
ID736,C,2573.1141739677573,400.36445586261203,-2188.7248070113715
ID748,A,2293.055327342728,403.5852414783004,4839.397632628601
ID650,B,2278.967354457318,392.4925042834467,4557.16745498448
ID777,C,2135.1603092512796,427.4349760606116,-1698.1761937438068
ID644,A,2063.0996360107806,405.82672304664,4148.326407143113
ID816,A,2806.5023205140924,407.57083959658786,6357.711512364636
ID497,B,2568.077894398173,381.38623930812446,5138.0269649673655
ID425,B,2548.145293136433,399.0253393810932,5109.343933221046
ID437,A,3205.255144084151,384.53835959251893,7708.230563306774
ID122,B,2530.4184985303646,384.90169579982455,5073.032765824886
ID192,A,2963.5545901150103,387.0915651054319,6936.213279068486
ID522,B,2889.787856436531,389.76175509473296,5775.817948725896
ID197,C,2150.562264437677,434.9904592995059,-1720.0126641759455
ID428,C,2333.045860833876,409.0505520977652,-1907.6595611738342
ID843,B,2681.4149021055987,405.5486171509431,5348.427862970598
ID466,B,2845.2960794343235,406.3284401383109,5674.083179475683
ID358,B,2460.3544219028217,409.98055152207974,4898.438314719424
ID429,C,2374.0246456909804,350.4857040641887,-2031.965226506487
ID277,B,2867.692866048265,407.6362817651435,5751.927127427713
ID133,B,2083.291371881042,399.25166245362846,4174.466242107457
ID159,A,2320.387164887787,381.1266528854657,5043.164535128059
ID818,C,2315.826454405508,417.7739114250955,-1894.3458318572245
ID247,A,2834.2774412042586,393.12732422198053,6526.034473158695
ID518,B,2280.801597578248,353.81907442681967,4577.960508393095
ID728,A,2649.108612871343,384.2388530575364,6034.149463644441
ID177,B,2563.315261888669,392.8983818975465,5136.308767355999
ID539,A,2478.8957656183643,379.49042124199485,5551.905369357999
ID835,B,2652.4193955830733,380.2013040422096,5278.012649868799
ID317,A,2418.2344120409716,370.853176888994,5428.527217919695
ID258,B,2474.638727762085,406.60745602954796,4951.218730632232
ID855,B,2407.230929958332,419.52861522426167,4818.05972477589
ID900,A,2705.812468431488,409.2362533548269,6059.297659545861
ID239,A,2464.4240683272606,400.99347448495735,5381.128107930358
ID169,A,2258.8382940102024,392.57823813425875,4825.2103901563205
ID740,A,1684.7437258245102,420.60763572859787,2966.0753290257203
ID137,A,2436.132509266409,388.55994930253576,5359.574610812086
ID765,A,2597.846855310332,410.21113829404584,5741.973662389383
ID862,C,2114.8907775206317,388.49909679718144,-1722.4618811236778
ID419,B,1792.1454172871252,415.86808154533566,3602.834460463801
ID221,C,2567.158176836083,387.32522748234317,-2192.412173536916
ID391,A,2015.5711837302458,388.4677831708962,4108.707786884381
ID218,A,2135.839144011179,433.7833479028035,4222.813211040828
ID112,A,2251.07554370512,457.44058213085356,4468.4935528141605
ID596,A,2555.3189766887554,418.04929826547016,5568.381278301929
ID175,A,2800.0585126177457,414.88714011929136,6319.179529475807
ID123,A,3265.33921774261,388.86046809909345,7879.479511447195
ID447,B,2664.6028209787896,386.9418140001948,5334.5177477188645
ID411,A,2124.7100495065833,399.732405402866,4384.242675185912
ID184,A,2153.7997668292346,390.8000496572816,4497.150014722798
ID364,A,2251.340265461192,413.20418945151755,4672.839676378932
ID600,B,2335.428428617105,415.8075382047505,4664.507184665547
ID528,C,2429.6930933710546,408.9618793995148,-2011.842429983583
ID379,A,2897.197234363835,367.5554443690927,6839.881182945343
